Metric,Value
Gini,0.9166666666666666
Shannon Normalized,0.9999999999951708
Imbalance Ratio,1.0
