Metric,Value
Gini,0.3904941563848753
Shannon Normalized,0.3851382164244347
Imbalance Ratio,602.6666666666667
