Metric,Value
Gini,0.9852941176470589
Shannon Normalized,0.9999999999838844
Imbalance Ratio,1.0
