Metric,Value
Gini,0.3970773861184088
Shannon Normalized,0.3001894929504467
Imbalance Ratio,1808.0
